ITEM_CODE','START_DATE','END_DATE',AMOUNT',STATE'
'20387',2/2/2022,12/31/2099,33.32,PA
'20537',2/8/2022,12/31/2099,28.8,PA
'20539',2/8/2022,12/31/2099,30,PA
'20540',2/8/2022,12/31/2099,30,PA
'20601',2/12/2020,12/31/2099,48.89,PA
'20752',1/10/2020,12/31/2099,69.79,PA
'20815',1/10/2020,12/31/2099,69.79,PA
'20842',3/23/2022,12/31/2099,28.21,PA
'70336',5/4/2022,12/31/2099,48.6,PA
'70337',5/4/2022,12/31/2099,48.6,PA
'70338',5/4/2022,12/31/2099,48.6,PA
'70339',2/1/2022,12/31/2099,42.67,PA
'70340',12/28/2021,12/31/2099,57,PA
'70381',2/16/2022,12/31/2099,34.54,PA
'70382',2/16/2022,12/31/2099,34.54,PA
'70384',2/16/2022,12/31/2099,36.84,PA
'70385',2/16/2022,12/31/2099,34.54,PA
'70386',2/16/2022,12/31/2099,34.89,PA
'70387',2/16/2022,12/31/2099,34.89,PA
'70388',2/16/2022,12/31/2099,34.89,PA
'70390',2/16/2022,12/31/2099,33.55,PA
'20016',4/2/2022,12/31/2099,54.47,PA
'20018',4/2/2022,12/31/2099,54.47,PA
'20064',3/12/2022,12/31/2099,12.68,PA
'20096',5/21/2022,12/31/2099,45.09,PA
'20103',1/10/2020,12/31/2099,38.59,PA
'20261',9/18/2021,12/31/2099,56.69,PA
'20284',5/7/2022,12/31/2099,35.53,PA
'20296',5/7/2022,12/31/2099,28.41,PA
'20311',1/10/2020,12/31/2099,48.29,PA
'20319',1/1/2022,12/31/2099,121.35,PA
'20366',3/26/2022,12/31/2099,32.65,PA
'20367',3/26/2022,12/31/2099,32.65,PA
'20368',3/26/2022,12/31/2099,32.65,PA
'20370',3/26/2022,12/31/2099,32.65,PA
'20391',5/14/2021,12/31/2099,639.1,PA
'20392',3/26/2022,12/31/2099,29.55,PA
'20396',3/26/2022,12/31/2099,29.55,PA
'20428',10/16/2021,12/31/2099,114.12,PA
'20436',12/4/2021,12/31/2099,18.52,PA
'20446',6/25/2020,12/31/2099,70.3,PA
'20551',3/12/2022,6/17/2022,21.92,PA
'20551',6/18/2022,12/31/2099,22.41,PA
'20552',1/1/2022,12/31/2099,30.6,PA
'20578',10/30/2021,12/31/2099,29.31,PA
'20580',8/1/2020,12/31/2099,22.04,PA
'20581',1/10/2020,12/31/2099,21.82,PA
'20589',5/14/2022,12/31/2099,71.24,PA
'20591',5/28/2022,12/31/2099,31.95,PA
'20591',1/10/2020,5/27/2022,29.26,PA
'20592',10/30/2021,12/31/2099,35.23,PA
'20604',3/19/2022,12/31/2099,10.07,PA
'20605',3/19/2022,12/31/2099,8.67,PA
'20607',3/19/2022,12/31/2099,10.77,PA
'20611',2/26/2022,12/31/2099,22.21,PA
'20613',2/26/2022,12/31/2099,22.21,PA
'20621',3/19/2022,12/31/2099,12.89,PA
'20627',6/4/2022,12/31/2099,12,PA
'20627',1/10/2020,6/3/2022,11.15,PA
'20628',12/22/2021,6/3/2022,18.8,PA
'20628',6/4/2022,12/31/2099,21.36,PA
'20630',3/19/2022,12/31/2099,5.11,PA
'20636',3/19/2022,5/27/2022,7.12,PA
'20636',5/28/2022,12/31/2099,7.35,PA
'20638',4/9/2022,12/31/2099,16.45,PA
'20641',5/7/2022,12/31/2099,34.59,PA
'20642',5/7/2022,12/31/2099,34.59,PA
'20643',1/10/2020,12/31/2099,286.38,PA
'20649',5/14/2021,12/31/2099,639.1,PA
'20662',5/7/2022,12/31/2099,19.62,PA
'20663',5/7/2022,12/31/2099,19.62,PA
'20664',3/19/2022,12/31/2099,8.67,PA
'20667',3/19/2022,12/31/2099,10.07,PA
'20669',3/5/2022,5/27/2022,7.75,PA
'20669',5/28/2022,12/31/2099,8.5,PA
'20673',3/19/2022,12/31/2099,6.15,PA
'20675',3/19/2022,12/31/2099,6.15,PA
'20694',1/15/2022,5/27/2022,48.46,PA
'20694',5/28/2022,12/31/2099,52.29,PA
'20697',5/28/2022,12/31/2099,53.89,PA
'20697',1/15/2022,5/27/2022,50.92,PA
'20700',6/4/2022,12/31/2099,12,PA
'20700',1/10/2020,6/3/2022,11.15,PA
'20720',12/17/2020,12/31/2099,87.74,PA
'20721',5/14/2022,12/31/2099,71.24,PA
'20724',5/1/2022,12/31/2099,26,PA
'20741',2/26/2022,12/31/2099,24.08,PA
'20744',12/22/2021,6/3/2022,18.8,PA
'20744',6/4/2022,12/31/2099,21.36,PA
'20754',2/26/2022,12/31/2099,11.4,PA
'20760',6/4/2022,12/31/2099,31.95,PA
'20760',1/10/2020,6/3/2022,30.24,PA
'20763',5/22/2021,12/31/2099,11.75,PA
'20767',3/19/2022,12/31/2099,4.36,PA
'20788',1/8/2022,6/3/2022,20.08,PA
'20788',6/4/2022,12/31/2099,21.36,PA
'20798',10/30/2021,12/31/2099,39.54,PA
'20799',10/30/2021,12/31/2099,39.54,PA
'20810',1/8/2022,12/31/2099,18.34,PA
'20830',6/4/2022,12/31/2099,15.85,PA
'20830',1/10/2020,6/3/2022,13.74,PA
'20834',3/19/2022,12/31/2099,20.9,PA
'20836',11/20/2021,12/31/2099,15.89,PA
'20844',6/4/2022,12/31/2099,15.85,PA
'20844',1/10/2020,6/3/2022,13.74,PA
'20846',1/10/2020,12/31/2099,26.99,PA
'20849',5/28/2022,12/31/2099,36.19,PA
'20849',3/19/2022,5/27/2022,36.12,PA
'20854',2/5/2022,6/10/2022,15.94,PA
'20854',6/11/2022,12/31/2099,17.48,PA
'20855',6/4/2022,12/31/2099,12,PA
'20855',1/10/2020,6/3/2022,11.15,PA
'20858',12/22/2021,12/31/2099,102.99,PA
'20860',8/1/2020,12/31/2099,147.45,PA
'20884',10/30/2021,12/31/2099,39.54,PA
'20888',7/24/2021,12/31/2099,664,PA
'20891',6/18/2022,12/31/2099,96.78,PA
'20891',1/29/2022,6/17/2022,90.92,PA
'20921',1/10/2020,12/31/2099,399.75,PA
'20927',4/23/2022,12/31/2099,46,PA
'20928',5/14/2021,12/31/2099,25.56,PA
'20929',5/14/2021,12/31/2099,25.56,PA
'20942',1/10/2020,12/31/2099,197.99,PA
'20943',1/10/2020,12/31/2099,36.79,PA
'20954',1/29/2022,12/31/2099,23.12,PA
'20969',2/2/2022,12/31/2099,276.99,PA
'21026',1/1/2022,12/31/2099,67.12,PA
'21027',1/1/2022,12/31/2099,34.92,PA
'21031',5/14/2022,12/31/2099,23.89,PA
'21033',5/11/2022,12/31/2099,70.23,PA
'21049',5/21/2022,12/31/2099,6.89,PA
'21050',1/1/2022,12/31/2099,63.53,PA
'21051',5/14/2022,12/31/2099,23.51,PA
'21066',1/1/2022,12/31/2099,67.12,PA
'21076',5/21/2022,12/31/2099,6.89,PA
'21081',4/9/2022,12/31/2099,24.32,PA
'21106',2/5/2022,12/31/2099,5.69,PA
'21107',4/9/2022,12/31/2099,24.32,PA
'21108',3/5/2022,12/31/2099,5.69,PA
'21110',5/28/2022,12/31/2099,5.55,PA
'21110',7/31/2021,5/27/2022,5.45,PA
'21134',8/1/2020,12/31/2099,172.15,PA
'21161',7/24/2021,5/27/2022,7.35,PA
'21161',5/28/2022,12/31/2099,7.49,PA
'21162',5/28/2022,12/31/2099,7.49,PA
'21162',7/24/2021,5/27/2022,7.35,PA
'21266',11/13/2021,12/31/2099,14.15,PA
'21272',11/13/2021,12/31/2099,14.15,PA
'21289',4/9/2022,12/31/2099,16.5,PA
'21290',3/12/2022,12/31/2099,12.68,PA
'21296',4/9/2022,12/31/2099,22.65,PA
'21306',5/14/2022,12/31/2099,16.16,PA
'21308',5/14/2022,12/31/2099,16.16,PA
'21313',5/14/2022,12/31/2099,16.16,PA
'21323',5/14/2022,12/31/2099,16.16,PA
'21442',6/25/2020,12/31/2099,60.88,PA
'21523',1/15/2022,12/31/2099,19.8,PA
'21536',1/15/2022,12/31/2099,22.62,PA
'21546',1/15/2022,12/31/2099,19.8,PA
'21551',1/15/2022,12/31/2099,22.62,PA
'21565',1/15/2022,12/31/2099,22.62,PA
'21596',1/15/2022,12/31/2099,22.24,PA
'21607',5/14/2022,12/31/2099,19.96,PA
'21608',5/14/2022,12/31/2099,19.96,PA
'21619',5/1/2022,12/31/2099,25,PA
'21641',5/14/2022,12/31/2099,34.64,PA
'21643',5/14/2022,12/31/2099,34.64,PA
'21684',1/10/2020,12/31/2099,15.48,PA
'21686',2/19/2022,12/31/2099,23.1,PA
'21703',1/10/2020,12/31/2099,15.48,PA
'21709',1/10/2020,12/31/2099,15.48,PA
'40018',10/16/2021,12/31/2099,22.16,PA
'40042',1/10/2020,12/31/2099,430.45,PA
'40046',2/13/2020,12/31/2099,331.13,PA
'40047',1/10/2020,12/31/2099,63.16,PA
'40048',1/10/2020,12/31/2099,61.28,PA
'40054',7/2/2020,12/31/2099,82.07,PA
'40072',2/17/2021,12/31/2099,44.49,PA
'40080',3/19/2022,5/27/2022,7.57,PA
'40080',5/28/2022,12/31/2099,10.96,PA
'40082',3/19/2022,12/31/2099,7.34,PA
'40085',12/27/2021,12/31/2099,730.61,PA
'40086',4/30/2022,12/31/2099,105.16,PA
'40087',3/26/2022,12/31/2099,38.88,PA
'40088',1/1/2022,12/31/2099,35.73,PA
'40099',3/26/2022,12/31/2099,38.88,PA
'40101',3/26/2022,12/31/2099,38.88,PA
'40107',7/2/2020,12/31/2099,82.07,PA
'40145',2/17/2021,12/31/2099,25.7,PA
'40146',6/11/2022,12/31/2099,39.04,PA
'40146',2/17/2021,6/10/2022,38.65,PA
'40147',5/28/2022,12/31/2099,21.25,PA
'40147',1/15/2022,5/27/2022,19.78,PA
'40148',5/28/2022,12/31/2099,24.99,PA
'40148',1/15/2022,5/27/2022,23.56,PA
'40151',8/1/2020,12/31/2099,14.39,PA
'40154',5/28/2022,12/31/2099,21.25,PA
'40154',1/15/2022,5/27/2022,19.78,PA
'40157',4/30/2022,12/31/2099,23.99,PA
'40160',8/1/2020,12/31/2099,112.4,PA
'40169',8/1/2020,12/31/2099,14.53,PA
'70000',5/1/2022,6/3/2022,43.21,PA
'70000',6/4/2022,12/31/2099,46.94,PA
'70001',5/12/2022,12/31/2099,25.78,PA
'70002',12/6/2021,6/3/2022,30.18,PA
'70002',6/4/2022,12/31/2099,36.97,PA
'70003',6/4/2022,12/31/2099,25.78,PA
'70003',5/12/2022,6/3/2022,25.78,PA
'70004',5/21/2022,12/31/2099,35.2,PA
'70005',12/13/2021,12/31/2099,24.36,PA
'70014',5/5/2022,12/31/2099,14.95,PA
'70015',6/4/2022,12/31/2099,14.4,PA
'70015',5/6/2022,6/3/2022,11.94,PA
'70016',5/17/2022,12/31/2099,14.38,PA
'70018',1/15/2022,6/3/2022,26.36,PA
'70018',6/4/2022,12/31/2099,28.85,PA
'70019',5/23/2022,12/31/2099,22.7,PA
'70020',5/5/2022,12/31/2099,17.78,PA
'70022',1/15/2022,12/31/2099,26.36,PA
'70023',1/15/2022,6/3/2022,26.36,PA
'70024',1/15/2022,6/3/2022,25.86,PA
'70024',6/4/2022,12/31/2099,29.59,PA
'70025',5/23/2022,12/31/2099,22.7,PA
'70031',5/23/2022,12/31/2099,17.78,PA
'70032',12/7/2021,12/31/2099,599.76,PA
'70033',5/1/2022,12/31/2099,19.31,PA
'70034',1/15/2022,12/31/2099,19.12,PA
'70035',5/1/2022,12/31/2099,19.31,PA
'70036',12/29/2021,12/31/2099,11.2,PA
'70037',1/15/2022,6/3/2022,26.36,PA
'70037',6/4/2022,12/31/2099,28.85,PA
'70038',1/15/2022,12/31/2099,26.36,PA
'70039',1/15/2022,6/3/2022,26.36,PA
'70039',6/4/2022,12/31/2099,28.85,PA
'70040',5/17/2022,12/31/2099,26.89,PA
'70041',1/15/2022,6/3/2022,26.36,PA
'70042',12/23/2021,6/3/2022,28.76,PA
'70042',6/4/2022,12/31/2099,31.77,PA
'70044',2/16/2022,6/3/2022,22.62,PA
'70044',6/4/2022,12/31/2099,25.65,PA
'70045',6/4/2022,12/31/2099,19.43,PA
'70045',1/15/2022,6/3/2022,15.06,PA
'70046',6/4/2022,12/31/2099,25.66,PA
'70046',5/6/2022,6/3/2022,22.66,PA
'70055',1/8/2022,12/31/2099,28.5,PA
'70058',3/26/2022,12/31/2099,16,PA
'70060',5/5/2022,12/31/2099,18.69,PA
'70061',5/5/2022,12/31/2099,18.69,PA
'70063',5/17/2022,12/31/2099,18.44,PA
'70064',1/15/2022,12/31/2099,28.92,PA
'70065',1/10/2020,12/31/2099,167.79,PA
'70066',5/17/2022,12/31/2099,14.38,PA
'70067',5/23/2022,12/31/2099,14.25,PA
'70068',5/5/2022,6/3/2022,13.07,PA
'70068',6/4/2022,12/31/2099,15.7,PA
'70069',5/1/2022,12/31/2099,19.31,PA
'70070',1/15/2022,12/31/2099,28.92,PA
'70071',5/5/2022,12/31/2099,22.91,PA
'70072',1/15/2022,12/31/2099,22.68,PA
'70073',5/5/2022,12/31/2099,14.24,PA
'70075',5/23/2022,12/31/2099,22.83,PA
'70076',5/5/2022,12/31/2099,17.09,PA
'70077',5/5/2022,12/31/2099,17.09,PA
'70078',6/18/2022,12/31/2099,27.46,PA
'70078',5/21/2022,6/17/2022,26.91,PA
'70079',5/23/2022,12/31/2099,34.09,PA
'70080',12/8/2021,12/31/2099,31.44,PA
'70083',1/15/2022,12/31/2099,28.56,PA
'70084',5/5/2022,12/31/2099,5.43,PA
'70085',5/23/2022,12/31/2099,34.09,PA
'70086',12/8/2021,6/3/2022,21.82,PA
'70086',6/4/2022,12/31/2099,24.67,PA
'70088',12/8/2021,6/3/2022,21.63,PA
'70088',6/4/2022,12/31/2099,25.15,PA
'70089',8/13/2022,12/31/2099,26.6,PA
'70089',12/10/2021,8/12/2022,28.2,PA
'70090',12/10/2021,8/12/2022,28.2,PA
'70090',8/13/2022,12/31/2099,26.6,PA
'70091',12/10/2021,12/31/2099,65.08,PA
'70092',5/14/2022,12/31/2099,43.15,PA
'70093',5/14/2022,12/31/2099,43.15,PA
'70094',5/14/2022,12/31/2099,28,PA
'70095',5/14/2022,12/31/2099,28,PA
'70096',8/13/2022,12/31/2099,34.8,PA
'70096',12/10/2021,8/12/2022,34.58,PA
'70097',12/10/2021,8/12/2022,34.58,PA
'70097',8/13/2022,12/31/2099,34.8,PA
'70098',2/19/2022,12/31/2099,33.94,PA
'70100',4/23/2022,12/31/2099,63.24,PA
'70101',4/23/2022,12/31/2099,63.24,PA
'70102',12/10/2021,12/31/2099,52.71,PA
'70103',5/14/2022,12/31/2099,38.78,PA
'70106',5/14/2022,12/31/2099,38.78,PA
'70107',1/10/2020,12/31/2099,84.59,PA
'70108',1/15/2022,12/31/2099,51.68,PA
'70109',1/10/2020,12/31/2099,94.79,PA
'70110',4/23/2022,12/31/2099,41.94,PA
'70113',1/8/2022,12/31/2099,174.52,PA
'70115',3/26/2022,12/31/2099,34.7,PA
'70116',12/9/2021,12/31/2099,43.33,PA
'70119',3/26/2022,12/31/2099,25.65,PA
'70121',12/29/2021,12/31/2099,8.76,PA
'70122',3/19/2022,12/31/2099,23.87,PA
'70123',4/23/2022,12/31/2099,63.24,PA
'70124',4/23/2022,12/31/2099,63.24,PA
'70126',4/23/2022,12/31/2099,63.24,PA
'70127',6/4/2022,12/31/2099,46.1,PA
'70127',5/19/2022,6/3/2022,42.23,PA
'70128',1/12/2022,12/31/2099,72.97,PA
'70131',1/12/2022,6/3/2022,72.97,PA
'70131',6/4/2022,12/31/2099,85.08,PA
'70132',6/4/2022,12/31/2099,46.1,PA
'70132',5/19/2022,6/3/2022,42.23,PA
'70133',5/9/2022,6/3/2022,25.45,PA
'70133',6/4/2022,12/31/2099,28.98,PA
'70134',5/19/2022,12/31/2099,42.23,PA
'70135',1/12/2022,6/3/2022,72.97,PA
'70135',6/4/2022,12/31/2099,85.08,PA
'70141',12/9/2021,6/3/2022,52.61,PA
'70141',6/4/2022,12/31/2099,60.5,PA
'70142',1/12/2022,6/3/2022,72.97,PA
'70142',6/4/2022,12/31/2099,85.08,PA
'70144',5/19/2022,6/3/2022,42.23,PA
'70144',6/4/2022,12/31/2099,46.1,PA
'70152',5/7/2022,12/31/2099,27.5,PA
'70153',5/7/2022,12/31/2099,27.5,PA
'70154',5/7/2022,12/31/2099,27.5,PA
'70157',5/7/2022,12/31/2099,27.5,PA
'70158',5/7/2022,12/31/2099,27.5,PA
'70184',5/7/2022,12/31/2099,51.34,PA
'70185',5/7/2022,12/31/2099,51.34,PA
'70187',5/7/2022,12/31/2099,51.34,PA
'70189',5/7/2022,12/31/2099,51.34,PA
'70191',2/12/2022,12/31/2099,31.08,PA
'70202',3/19/2022,5/27/2022,29.27,PA
'70202',5/28/2022,12/31/2099,29.51,PA
'70206',5/1/2022,12/31/2099,45.05,PA
'70217',6/4/2022,12/31/2099,87.26,PA
'70217',1/13/2022,6/3/2022,77.4,PA
'70218',1/11/2022,12/31/2099,9.35,PA
'70219',4/2/2022,12/31/2099,32.26,PA
'70220',1/11/2022,12/31/2099,13.5,PA
'70224',10/2/2021,12/31/2099,26.92,PA
'70225',1/11/2022,12/31/2099,26.87,PA
'70227',3/26/2022,12/31/2099,13.04,PA
'70228',6/4/2022,12/31/2099,76.36,PA
'70228',1/13/2022,6/3/2022,63.63,PA
'70229',5/5/2022,12/31/2099,14.95,PA
'70230',1/11/2022,6/3/2022,25.86,PA
'70230',6/4/2022,12/31/2099,29.57,PA
'70233',6/4/2022,12/31/2099,28.66,PA
'70233',1/13/2022,6/3/2022,26.5,PA
'70234',1/12/2022,12/31/2099,24.32,PA
'70237',9/25/2021,12/31/2099,39.6,PA
'70240',5/1/2022,12/31/2099,19.31,PA
'70241',6/4/2022,12/31/2099,80.7,PA
'70241',1/13/2022,6/3/2022,70.84,PA
'70242',6/4/2022,12/31/2099,28.66,PA
'70242',1/13/2022,6/3/2022,25.65,PA
'70243',5/1/2022,12/31/2099,19.31,PA
'70244',6/4/2022,12/31/2099,30.22,PA
'70244',1/13/2022,6/3/2022,25.74,PA
'70247',5/1/2022,12/31/2099,19.31,PA
'70248',6/4/2022,12/31/2099,30.22,PA
'70248',1/13/2022,6/3/2022,25.74,PA
'70249',1/11/2022,6/3/2022,30.48,PA
'70249',6/4/2022,12/31/2099,33.85,PA
'70250',5/21/2022,12/31/2099,252.18,PA
'70251',1/11/2022,12/31/2099,9.35,PA
'70252',5/5/2022,12/31/2099,14.95,PA
'70253',1/12/2022,12/31/2099,15,PA
'70254',5/5/2022,12/31/2099,14.95,PA
'70255',1/11/2022,6/3/2022,13.07,PA
'70255',6/4/2022,12/31/2099,15.7,PA
'70256',1/11/2022,6/3/2022,25.86,PA
'70256',6/4/2022,12/31/2099,29.59,PA
'70257',6/4/2022,12/31/2099,57.59,PA
'70257',2/19/2022,6/3/2022,76.68,PA
'70258',5/9/2022,6/3/2022,30.3,PA
'70258',6/4/2022,12/31/2099,46.1,PA
'70259',5/9/2022,6/3/2022,30.3,PA
'70259',6/4/2022,12/31/2099,46.1,PA
'70261',5/1/2022,12/31/2099,17.88,PA
'70262',6/4/2022,12/31/2099,29.59,PA
'70262',1/11/2022,6/3/2022,25.86,PA
'70264',1/10/2020,12/31/2099,20.45,PA
'70265',4/29/2022,12/31/2099,27.04,PA
'70267',1/12/2022,12/31/2099,24.32,PA
'70268',1/8/2022,12/31/2099,39.79,PA
'70269',6/4/2022,12/31/2099,80.7,PA
'70269',1/13/2022,6/3/2022,70.84,PA
'70270',1/8/2022,12/31/2099,39.79,PA
'70271',5/5/2022,12/31/2099,13.49,PA
'70272',1/11/2022,6/3/2022,25.86,PA
'70272',6/4/2022,12/31/2099,29.59,PA
'70273',6/4/2022,12/31/2099,35,PA
'70273',1/13/2022,6/3/2022,29.4,PA
'70274',1/10/2020,12/31/2099,12.99,PA
'70277',6/4/2022,12/31/2099,80.7,PA
'70277',1/13/2022,6/3/2022,70.84,PA
'70278',6/4/2022,12/31/2099,80.7,PA
'70278',1/13/2022,6/3/2022,70.84,PA
'70279',1/12/2022,6/3/2022,23.44,PA
'70279',6/4/2022,12/31/2099,25.78,PA
'70280',1/12/2022,6/3/2022,23.44,PA
'70280',6/4/2022,12/31/2099,25.78,PA
'70281',5/9/2022,12/31/2099,31.8,PA
'70285',6/4/2022,12/31/2099,35,PA
'70285',1/13/2022,6/3/2022,29.4,PA
'70286',6/4/2022,12/31/2099,89.09,PA
'70286',1/13/2022,6/3/2022,74.24,PA
'70287',1/12/2022,12/31/2099,19.31,PA
'70288',5/5/2022,12/31/2099,14.95,PA
'70289',1/11/2022,7/1/2022,13.07,PA
'70289',7/2/2022,12/31/2099,15.7,PA
'70290',6/4/2022,12/31/2099,29.94,PA
'70290',1/13/2022,6/3/2022,25.74,PA
'70292',6/4/2022,12/31/2099,29.59,PA
'70292',1/11/2022,6/3/2022,25.86,PA
'70293',1/1/2022,12/31/2099,40.8,PA
'70294',6/4/2022,12/31/2099,28.66,PA
'70294',1/13/2022,6/3/2022,25.65,PA
'70296',5/1/2022,12/31/2099,49.49,PA
'70299',7/9/2022,12/31/2099,41.48,PA
'70299',4/23/2022,7/8/2022,41.2,PA
'70309',3/12/2022,12/31/2099,58.02,PA
'70310',4/28/2022,12/31/2099,30.76,PA
'70311',2/26/2022,12/31/2099,33.94,PA
'70313',12/14/2021,12/31/2099,17.75,PA
'70315',12/14/2021,12/31/2099,17.75,PA
'70316',12/14/2021,12/31/2099,17.75,PA
'70317',12/14/2021,12/31/2099,17.75,PA
'70320',12/14/2021,12/31/2099,29.99,PA
'70321',12/14/2021,12/31/2099,23.19,PA
'70324',6/4/2022,12/31/2099,69.08,PA
'70324',1/15/2022,6/3/2022,64.32,PA
'70329',12/14/2021,12/31/2099,5,PA
'70332',12/14/2021,12/31/2099,482.58,PA
'70343',1/8/2022,12/31/2099,27.61,PA
'70347',5/28/2022,12/31/2099,40.99,PA
'70347',1/8/2022,5/27/2022,36.66,PA
'70349',5/28/2022,12/31/2099,40.99,PA
'70349',1/8/2022,5/27/2022,36.66,PA
'70350',1/10/2020,12/31/2099,22.39,PA
'70351',5/28/2022,12/31/2099,40.99,PA
'70351',1/8/2022,5/27/2022,36.66,PA
'70352',12/14/2021,12/31/2099,631.65,PA
'70356',2/3/2022,12/31/2099,27.83,PA
'70364',5/1/2022,12/31/2099,27.01,PA
'70369',5/1/2022,12/31/2099,27.01,PA
'70371',4/30/2022,12/31/2099,135.18,PA
'70373',5/1/2022,12/31/2099,33.26,PA
'70376',5/1/2022,12/31/2099,27.01,PA
'70394',6/11/2022,12/31/2099,117,PA
'70394',12/16/2021,6/10/2022,112.58,PA
'70395',12/17/2021,12/31/2099,22.53,PA
'70397',7/30/2022,12/31/2099,35.24,PA
'70397',1/10/2020,7/29/2022,33.54,PA
'70398',1/27/2022,12/31/2099,11.75,PA
'70399',1/27/2022,12/31/2099,11.75,PA
'70400',1/27/2022,12/31/2099,11.75,PA
'70403',1/29/2022,7/29/2022,104,PA
'70403',7/30/2022,12/31/2099,116.38,PA
'70406',1/27/2022,12/31/2099,11.75,PA
'70407',4/16/2022,12/31/2099,30.13,PA
'70409',5/14/2022,12/31/2099,16.36,PA
'70410',4/16/2022,12/31/2099,30.13,PA
'70411',6/4/2022,12/31/2099,39.95,PA
'70411',3/5/2022,6/3/2022,36.38,PA
'70413',12/20/2021,12/31/2099,136.11,PA
'70414',6/25/2022,12/31/2099,10.67,PA
'70414',12/20/2021,6/24/2022,41.13,PA
'70416',12/20/2021,12/31/2099,40.35,PA
'70418',12/20/2021,12/31/2099,192.35,PA
'70420',2/26/2022,12/31/2099,534.98,PA
'70421',5/14/2022,12/31/2099,250.86,PA
'70422',2/26/2022,12/31/2099,245.94,PA
'70423',5/21/2022,12/31/2099,37.85,PA
'70424',5/21/2022,12/31/2099,37.85,PA
'70427',12/22/2021,12/31/2099,22,PA
'70428',12/22/2021,12/31/2099,22.7,PA
'70436',5/7/2022,12/31/2099,23.3,PA
'70437',4/16/2022,12/31/2099,69.65,PA
'70438',12/27/2021,12/31/2099,136.2,PA
'70439',12/27/2021,12/31/2099,81.1,PA
'70441',12/27/2021,12/31/2099,470.69,PA
'70446',5/21/2022,12/31/2099,17.78,PA
'70447',5/7/2022,12/31/2099,43.29,PA
'70448',5/7/2022,12/31/2099,33.93,PA
'70449',5/7/2022,12/31/2099,72.54,PA
'70451',12/27/2021,12/31/2099,9.85,PA
'70452',4/9/2022,12/31/2099,59.73,PA
'70453',12/27/2021,12/31/2099,9.85,PA
'70454',12/27/2021,12/31/2099,9.85,PA
'70455',2/3/2022,12/31/2099,29.05,PA
'70457',1/6/2022,12/31/2099,36.95,PA
'70458',1/6/2022,12/31/2099,43.66,PA
'70461',1/6/2022,12/31/2099,18.13,PA
'70463',5/7/2022,12/31/2099,31.2,PA
'70466',1/6/2022,12/31/2099,18.13,PA
'70469',5/7/2022,12/31/2099,34.68,PA
'70471',1/6/2022,12/31/2099,18.13,PA
'70476',5/7/2022,12/31/2099,39.22,PA
'70477',1/6/2022,12/31/2099,32.92,PA
'70479',5/21/2022,12/31/2099,19.87,PA
'70483',1/10/2022,12/31/2099,19.87,PA
'70488',1/6/2022,12/31/2099,18.13,PA
'70489',1/7/2022,12/31/2099,46.01,PA
'70500',1/7/2022,6/17/2022,13.89,PA
'70500',6/18/2022,12/31/2099,16.26,PA
'70502',1/6/2022,12/31/2099,28.12,PA
'70505',1/10/2022,12/31/2099,15.65,PA
'70506',1/7/2022,6/17/2022,35.89,PA
'70506',6/18/2022,12/31/2099,46.03,PA
'70507',1/10/2022,12/31/2099,152.43,PA
'70508',1/7/2022,12/31/2099,16.71,PA
'70509',1/10/2022,12/31/2099,15.65,PA
'70516',1/10/2022,12/31/2099,101.91,PA
'70517',1/6/2022,12/31/2099,18.13,PA
'70518',1/6/2022,12/31/2099,18.13,PA
'70519',1/6/2022,12/31/2099,18.13,PA
'70521',1/10/2022,12/31/2099,19.87,PA
'70522',1/10/2022,12/31/2099,15.65,PA
'70523',1/10/2022,12/31/2099,160.72,PA
'70525',1/7/2022,12/31/2099,83.35,PA
'70526',5/6/2022,12/31/2099,152.88,PA
'70527',1/7/2022,12/31/2099,24.55,PA
'70531',5/6/2022,12/31/2099,152.88,PA
'70532',1/10/2022,12/31/2099,16.82,PA
'70533',2/24/2022,12/31/2099,12,PA
'70534',1/6/2022,12/31/2099,18.13,PA
'70536',2/21/2022,12/31/2099,20.99,PA
'70539',1/10/2022,12/31/2099,12.99,PA
'70541',5/7/2022,12/31/2099,35.63,PA
'70542',1/6/2022,12/31/2099,22.32,PA
'70544',5/7/2022,12/31/2099,20.94,PA
'70545',5/7/2022,12/31/2099,30.11,PA
'70546',4/16/2022,12/31/2099,122.1,PA
'70547',1/6/2022,12/31/2099,18.69,PA
'70549',1/6/2022,12/31/2099,18.13,PA
'70550',1/7/2022,12/31/2099,26.34,PA
'70551',1/7/2022,12/31/2099,46.01,PA
'70553',5/7/2022,12/31/2099,38.24,PA
'70555',1/10/2022,12/31/2099,15.45,PA
'70558',1/10/2022,12/31/2099,14.32,PA
'70561',1/6/2022,12/31/2099,18.13,PA
'70563',1/18/2022,12/31/2099,27.99,PA
'70564',4/9/2022,12/31/2099,184,PA
'70567',1/10/2022,12/31/2099,19.87,PA
'70568',5/7/2022,12/31/2099,20.07,PA
'70576',1/7/2022,12/31/2099,24.55,PA
'70577',1/7/2022,12/31/2099,16.71,PA
'70579',1/10/2022,12/31/2099,15.49,PA
'70582',5/7/2022,12/31/2099,15.86,PA
'70583',1/10/2022,12/31/2099,12.99,PA
'70584',1/6/2022,12/31/2099,18.13,PA
'70585',1/6/2022,12/31/2099,18.13,PA
'70586',1/10/2022,12/31/2099,13.29,PA
'70588',1/6/2022,12/31/2099,18.13,PA
'70590',1/6/2022,12/31/2099,28.12,PA
'70591',1/6/2022,12/31/2099,32.22,PA
'70592',5/14/2022,12/31/2099,15.26,PA
'70593',5/14/2022,12/31/2099,15.26,PA
'70594',5/14/2022,12/31/2099,15.26,PA
'70595',5/14/2022,12/31/2099,15.26,PA
'70596',1/6/2022,12/31/2099,18.13,PA
'70597',1/10/2022,12/31/2099,19.87,PA
'70598',1/10/2022,12/31/2099,15.65,PA
'70599',1/7/2022,12/31/2099,24.55,PA
'70600',1/10/2022,12/31/2099,14.9,PA
'70601',1/10/2022,12/31/2099,15.73,PA
'70602',1/10/2022,12/31/2099,15.73,PA
'70604',5/7/2022,12/31/2099,42.02,PA
'70605',1/7/2022,12/31/2099,31.59,PA
'70606',3/12/2022,6/17/2022,159.2,PA
'70606',6/18/2022,12/31/2099,170.45,PA
'70607',1/6/2022,12/31/2099,30.69,PA
'70608',1/6/2022,12/31/2099,18.13,PA
'70609',1/6/2022,12/31/2099,18.13,PA
'70611',1/6/2022,12/31/2099,28.12,PA
'70612',1/6/2022,12/31/2099,18.64,PA
'70613',5/7/2022,12/31/2099,16.57,PA
'70614',6/18/2022,12/31/2099,16.26,PA
'70614',4/4/2022,6/17/2022,14.13,PA
'70615',4/16/2022,12/31/2099,122.1,PA
'70616',1/21/2022,12/31/2099,16.95,PA
'70617',1/10/2022,12/31/2099,58.72,PA
'70618',1/10/2022,12/31/2099,57.26,PA
'70619',1/10/2022,12/31/2099,140.47,PA
'70621',2/10/2022,12/31/2099,58.72,PA
'70622',1/10/2022,12/31/2099,200.45,PA
'70623',1/10/2022,12/31/2099,140.47,PA
'70626',4/2/2022,12/31/2099,40.39,PA
'70636',1/10/2022,12/31/2099,55.28,PA
'70637',1/10/2022,12/31/2099,183.83,PA
'70640',1/10/2022,12/31/2099,192,PA
'70646',1/10/2022,12/31/2099,140.47,PA
'20013',4/10/2022,12/31/2099,47.88,PA
'20023',4/10/2022,12/31/2099,47.88,PA
'20225',7/28/2021,12/31/2099,14.96,PA
'20324',3/7/2022,12/31/2099,2.28,PA
'20331',1/10/2020,12/31/2099,24.88,PA
'20332',1/10/2020,12/31/2099,24.88,PA
'20344',9/26/2021,12/31/2099,17.88,PA
'20349',7/28/2021,12/31/2099,14.96,PA
'20371',4/10/2022,12/31/2099,35.68,PA
'20372',4/10/2022,12/31/2099,35.68,PA
'20380',4/10/2022,12/31/2099,27.6,PA
'20381',4/10/2022,12/31/2099,27.6,PA
'20382',4/10/2022,12/31/2099,27.6,PA
'20383',4/10/2022,12/31/2099,27.6,PA
'20385',4/10/2022,12/31/2099,27.6,PA
'20389',1/10/2020,12/31/2099,1.73,PA
'20401',1/10/2020,12/31/2099,2.19,PA
'20407',3/29/2022,12/31/2099,93.5,PA
'20414',1/10/2020,12/31/2099,24.73,PA
'20417',1/10/2020,12/31/2099,24.73,PA
'20418',1/10/2020,12/31/2099,24.73,PA
'20433',10/11/2021,12/31/2099,17.72,PA
'20450',4/18/2022,12/31/2099,39,PA
'20451',1/10/2020,12/31/2099,29.88,PA
'20453',1/10/2020,12/31/2099,31.8,PA
'20454',1/10/2020,12/31/2099,1.05,PA
'20461',4/12/2022,12/31/2099,57.44,PA
'20465',12/19/2021,12/31/2099,30.87,PA
'20483',8/23/2021,12/31/2099,4.28,PA
'20489',1/2/2022,12/31/2099,36.24,PA
'20490',1/2/2022,12/31/2099,36.24,PA
'20493',1/31/2022,12/31/2099,47.6,PA
'20494',1/31/2022,12/31/2099,47.6,PA
'20500',1/31/2022,12/31/2099,43.1,PA
'20517',1/10/2020,12/31/2099,14.88,PA
'20519',1/10/2020,12/31/2099,22.41,PA
'20521',6/21/2021,12/31/2099,1.21,PA
'20549',9/20/2021,12/31/2099,13.56,PA
'20554',3/14/2022,12/31/2099,30.05,PA
'20558',3/14/2022,12/31/2099,30.91,PA
'20566',3/14/2022,12/31/2099,26.84,PA
'20590',4/12/2022,12/31/2099,48.31,PA
'20593',4/12/2022,12/31/2099,50.69,PA
'20596',4/12/2022,12/31/2099,131.85,PA
'20610',1/10/2020,12/31/2099,35.88,PA
'20670',1/2/2022,12/31/2099,18.18,PA
'20671',2/27/2022,12/31/2099,25.12,PA
'20688',1/10/2020,12/31/2099,6.49,PA
'20690',1/10/2020,12/31/2099,6.49,PA
'20692',1/10/2020,12/31/2099,31.4,PA
'20739',1/10/2020,12/31/2099,5.99,PA
'20751',9/20/2021,12/31/2099,50.4,PA
'20753',9/20/2021,12/31/2099,50.4,PA
'20757',9/20/2021,12/31/2099,50.4,PA
'20758',9/20/2021,12/31/2099,50.4,PA
'20761',4/17/2022,12/31/2099,30.08,PA
'20764',4/17/2022,12/31/2099,30.08,PA
'20803',1/10/2020,12/31/2099,20.4,PA
'21016',1/10/2020,12/31/2099,2.54,PA
'21067',1/10/2020,12/31/2099,1.63,PA
'21205',3/8/2021,12/31/2099,1.86,PA
'21295',1/10/2020,12/31/2099,3.58,PA
'21298',1/10/2020,12/31/2099,1.99,PA
'21299',3/27/2022,12/31/2099,2.45,PA
'21302',10/21/2021,12/31/2099,3.75,PA
'21304',1/10/2020,12/31/2099,6.99,PA
'21312',1/10/2020,12/31/2099,18.15,PA
'21321',1/10/2020,12/31/2099,10.5,PA
'21330',4/4/2022,12/31/2099,31.92,PA
'21331',4/4/2022,12/31/2099,31.92,PA
'21335',4/4/2022,12/31/2099,31.92,PA
'21450',1/10/2020,12/31/2099,75.9,PA
'21451',2/28/2022,12/31/2099,1.27,PA
'21490',1/10/2020,12/31/2099,29.15,PA
'21492',1/10/2020,12/31/2099,29.15,PA
'21493',1/10/2020,12/31/2099,58.1,PA
'21494',1/10/2020,12/31/2099,29.15,PA
'21505',1/10/2020,12/31/2099,54.7,PA
'21506',9/10/2021,12/31/2099,63.5,PA
'21509',9/10/2021,12/31/2099,65.7,PA
'21511',9/10/2021,12/31/2099,62.5,PA
'21512',9/10/2021,12/31/2099,57.6,PA
'21583',1/10/2020,12/31/2099,32.3,PA
'21599',3/20/2022,12/31/2099,33.58,PA
'21601',10/7/2021,12/31/2099,531,PA
'21640',1/10/2020,12/31/2099,66,PA
'21642',1/10/2020,12/31/2099,73.5,PA
'21693',1/3/2022,12/31/2099,282.5,PA
'21698',1/3/2022,12/31/2099,270,PA
'21705',1/10/2020,12/31/2099,3.09,PA
'21708',7/9/2021,12/31/2099,31.24,PA
'21724',1/10/2020,12/31/2099,66,PA
'40006',1/10/2020,12/31/2099,24.75,PA
'40016',3/14/2022,12/31/2099,24.06,PA
'40066',1/10/2020,12/31/2099,22.84,PA
'40096',3/14/2022,12/31/2099,25.99,PA
'70148',8/23/2021,12/31/2099,6.06,PA
'70151',4/29/2022,12/31/2099,4.42,PA
'70344',4/1/2022,12/31/2099,77.4,PA
'70365',4/22/2022,12/31/2099,1.48,PA
'70366',4/22/2022,12/31/2099,1.49,PA
'70430',12/22/2021,12/31/2099,23.27,PA
'70431',12/22/2021,12/31/2099,23.27,PA
'70432',12/22/2021,12/31/2099,36.24,PA
'70433',12/22/2021,12/31/2099,35.01,PA
'70434',3/24/2022,12/31/2099,62,PA
'20025',12/3/2021,12/31/2099,162.96,PA
'20079',1/10/2020,12/31/2099,51.52,PA
'20151',1/10/2020,12/31/2099,110.52,PA
'20174',1/10/2020,12/31/2099,50.8,PA
'20176',1/10/2020,12/31/2099,33,PA
'20276',1/10/2020,12/31/2099,48.5,PA
'20285',1/10/2020,12/31/2099,113.04,PA
'20330',1/10/2020,12/31/2099,126,PA
'20369',3/29/2021,12/31/2099,148.8,PA
'20386',1/10/2020,12/31/2099,36,PA
'20425',10/22/2020,12/31/2099,63.8,PA
'20427',6/14/2021,12/31/2099,18.95,PA
'20441',6/14/2021,12/31/2099,18.95,PA
'20650',10/26/2020,12/31/2099,16.95,PA
'20818',6/14/2021,12/31/2099,18.95,PA
'20896',1/10/2020,12/31/2099,44,PA
'20934',1/10/2020,12/31/2099,11.99,PA
'20939',1/10/2020,12/31/2099,15,PA
'20947',3/4/2021,12/31/2099,11.28,PA
'20949',1/10/2020,12/31/2099,66.95,PA
'21136',10/22/2020,12/31/2099,142.08,PA
'21137',3/4/2021,12/31/2099,11.28,PA
'21143',3/4/2021,12/31/2099,11.28,PA
'21314',1/10/2020,12/31/2099,11.55,PA
'21315',3/27/2022,12/31/2099,17.19,PA
'21473',10/29/2020,12/31/2099,35,PA
'21646',3/4/2021,12/31/2099,11.28,PA
'21688',3/6/2022,12/31/2099,18.5,PA
'40131',6/15/2020,12/31/2099,59.85,PA
'40133',1/10/2020,12/31/2099,44.1,PA
'40134',1/10/2020,12/31/2099,55.8,PA
'40142',6/15/2020,12/31/2099,79.5,PA
'40149',6/15/2020,12/31/2099,85.8,PA
'40162',1/10/2020,12/31/2099,43.74,PA
'70459',1/10/2020,12/31/2099,102.5,PA
'70462',1/10/2020,12/31/2099,97.2,PA
'70464',3/2/2020,12/31/2099,13.5,PA
'70465',4/10/2020,12/31/2099,38.75,PA
'70468',11/1/2021,12/31/2099,14.45,PA
'70484',1/10/2020,12/31/2099,25.83,PA
'70485',1/2/2022,12/31/2099,41.5,PA
'70487',1/2/2022,12/31/2099,25,PA
'70566',1/10/2020,12/31/2099,33.8,PA
'70570',9/6/2020,12/31/2099,43.41,PA
'70571',9/6/2020,12/31/2099,39.48,PA
'70572',10/8/2020,12/31/2099,39.48,PA
'70574',9/6/2020,12/31/2099,49.41,PA
'70580',5/1/2022,12/31/2099,14.95,PA
'70627',9/28/2021,12/31/2099,33.45,PA
'70628',9/28/2021,12/31/2099,33.45,PA
'70630',9/29/2021,12/31/2099,25.85,PA
'70631',9/6/2020,12/31/2099,23.8,PA
'70632',9/28/2021,12/31/2099,25.45,PA
'70633',9/28/2021,12/31/2099,50,PA
'70634',9/28/2021,12/31/2099,52.45,PA
'70635',9/6/2020,12/31/2099,49.27,PA
'70639',5/17/2022,12/31/2099,19.95,PA
'70647',11/8/2021,12/31/2099,56.15,PA
'70648',3/16/2020,12/31/2099,46.5,PA
'70419',5/14/2022,12/31/2099,210.11,PA
'70012',5/17/2022,12/31/2099,26.68,PA
'70023',6/4/2022,12/31/2099,28.85,PA
'70041',6/4/2022,12/31/2099,28.85,PA
'70342',1/8/2022,12/31/2099,27.61,PA
'20387',2/2/2022,12/31/2099,45.32,NY
'20537',2/8/2022,12/31/2099,40.8,NY
'20539',2/8/2022,12/31/2099,42,NY
'20540',2/8/2022,12/31/2099,42,NY
'20601',2/12/2020,12/31/2099,60.89,NY
'20752',1/10/2020,12/31/2099,81.79,NY
'20815',1/10/2020,12/31/2099,81.79,NY
'20842',3/23/2022,12/31/2099,40.21,NY
'70336',5/4/2022,12/31/2099,60.6,NY
'70337',5/4/2022,12/31/2099,60.6,NY
'70338',5/4/2022,12/31/2099,60.6,NY
'70339',2/1/2022,12/31/2099,54.67,NY
'70340',12/28/2021,12/31/2099,69,NY
'70381',2/16/2022,12/31/2099,46.54,NY
'70382',2/16/2022,12/31/2099,46.54,NY
'70384',2/16/2022,12/31/2099,48.84,NY
'70385',2/16/2022,12/31/2099,46.54,NY
'70386',2/16/2022,12/31/2099,46.89,NY
'70387',2/16/2022,12/31/2099,46.89,NY
'70388',2/16/2022,12/31/2099,46.89,NY
'70390',2/16/2022,12/31/2099,45.55,NY
'20016',4/2/2022,12/31/2099,66.47,NY
'20018',4/2/2022,12/31/2099,66.47,NY
'20064',3/12/2022,12/31/2099,24.68,NY
'20096',5/21/2022,12/31/2099,57.09,NY
'20103',1/10/2020,12/31/2099,50.59,NY
'20261',9/18/2021,12/31/2099,68.69,NY
'20284',5/7/2022,12/31/2099,47.53,NY
'20296',5/7/2022,12/31/2099,40.41,NY
'20311',1/10/2020,12/31/2099,60.29,NY
'20319',1/1/2022,12/31/2099,133.35,NY
'20366',3/26/2022,12/31/2099,44.65,NY
'20367',3/26/2022,12/31/2099,44.65,NY
'20368',3/26/2022,12/31/2099,44.65,NY
'20370',3/26/2022,12/31/2099,44.65,NY
'20391',5/14/2021,12/31/2099,651.1,NY
'20392',3/26/2022,12/31/2099,41.55,NY
'20396',3/26/2022,12/31/2099,41.55,NY
'20428',10/16/2021,12/31/2099,126.12,NY
'20436',12/4/2021,12/31/2099,30.52,NY
'20446',6/25/2020,12/31/2099,82.3,NY
'20551',3/12/2022,6/17/2022,33.92,NY
'20551',6/18/2022,12/31/2099,34.41,NY
'20552',1/1/2022,12/31/2099,42.6,NY
'20578',10/30/2021,12/31/2099,41.31,NY
'20580',8/1/2020,12/31/2099,34.04,NY
'20581',1/10/2020,12/31/2099,33.82,NY
'20589',5/14/2022,12/31/2099,83.24,NY
'20591',5/28/2022,12/31/2099,43.95,NY
'20591',1/10/2020,5/27/2022,41.26,NY
'20592',10/30/2021,12/31/2099,47.23,NY
'20604',3/19/2022,12/31/2099,22.07,NY
'20605',3/19/2022,12/31/2099,20.67,NY
'20607',3/19/2022,12/31/2099,22.77,NY
'20611',2/26/2022,12/31/2099,34.21,NY
'20613',2/26/2022,12/31/2099,34.21,NY
'20621',3/19/2022,12/31/2099,24.89,NY
'20627',6/4/2022,12/31/2099,24,NY
'20627',1/10/2020,6/3/2022,23.15,NY
'20628',12/22/2021,6/3/2022,30.8,NY
'20628',6/4/2022,12/31/2099,33.36,NY
'20630',3/19/2022,12/31/2099,17.11,NY
'20636',3/19/2022,5/27/2022,19.12,NY
'20636',5/28/2022,12/31/2099,19.35,NY
'20638',4/9/2022,12/31/2099,28.45,NY
'20641',5/7/2022,12/31/2099,46.59,NY
'20642',5/7/2022,12/31/2099,46.59,NY
'20643',1/10/2020,12/31/2099,298.38,NY
'20649',5/14/2021,12/31/2099,651.1,NY
'20662',5/7/2022,12/31/2099,31.62,NY
'20663',5/7/2022,12/31/2099,31.62,NY
'20664',3/19/2022,12/31/2099,20.67,NY
'20667',3/19/2022,12/31/2099,22.07,NY
'20669',3/5/2022,5/27/2022,19.75,NY
'20669',5/28/2022,12/31/2099,20.5,NY
'20673',3/19/2022,12/31/2099,18.15,NY
'20675',3/19/2022,12/31/2099,18.15,NY
'20694',1/15/2022,5/27/2022,60.46,NY
'20694',5/28/2022,12/31/2099,64.29,NY
'20697',5/28/2022,12/31/2099,65.89,NY
'20697',1/15/2022,5/27/2022,62.92,NY
'20700',6/4/2022,12/31/2099,24,NY
'20700',1/10/2020,6/3/2022,23.15,NY
'20720',12/17/2020,12/31/2099,99.74,NY
'20721',5/14/2022,12/31/2099,83.24,NY
'20724',5/1/2022,12/31/2099,38,NY
'20741',2/26/2022,12/31/2099,36.08,NY
'20744',12/22/2021,6/3/2022,30.8,NY
'20744',6/4/2022,12/31/2099,33.36,NY
'20754',2/26/2022,12/31/2099,23.4,NY
'20760',6/4/2022,12/31/2099,43.95,NY
'20760',1/10/2020,6/3/2022,42.24,NY
'20763',5/22/2021,12/31/2099,23.75,NY
'20767',3/19/2022,12/31/2099,16.36,NY
'20788',1/8/2022,6/3/2022,32.08,NY
'20788',6/4/2022,12/31/2099,33.36,NY
'20798',10/30/2021,12/31/2099,51.54,NY
'20799',10/30/2021,12/31/2099,51.54,NY
'20810',1/8/2022,12/31/2099,30.34,NY
'20830',6/4/2022,12/31/2099,27.85,NY
'20830',1/10/2020,6/3/2022,25.74,NY
'20834',3/19/2022,12/31/2099,32.9,NY
'20836',11/20/2021,12/31/2099,27.89,NY
'20844',6/4/2022,12/31/2099,27.85,NY
'20844',1/10/2020,6/3/2022,25.74,NY
'20846',1/10/2020,12/31/2099,38.99,NY
'20849',5/28/2022,12/31/2099,48.19,NY
'20849',3/19/2022,5/27/2022,48.12,NY
'20854',2/5/2022,6/10/2022,27.94,NY
'20854',6/11/2022,12/31/2099,29.48,NY
'20855',6/4/2022,12/31/2099,24,NY
'20855',1/10/2020,6/3/2022,23.15,NY
'20858',12/22/2021,12/31/2099,114.99,NY
'20860',8/1/2020,12/31/2099,159.45,NY
'20884',10/30/2021,12/31/2099,51.54,NY
'20888',7/24/2021,12/31/2099,676,NY
'20891',6/18/2022,12/31/2099,108.78,NY
'20891',1/29/2022,6/17/2022,102.92,NY
'20921',1/10/2020,12/31/2099,411.75,NY
'20927',4/23/2022,12/31/2099,58,NY
'20928',5/14/2021,12/31/2099,37.56,NY
'20929',5/14/2021,12/31/2099,37.56,NY
'20942',1/10/2020,12/31/2099,209.99,NY
'20943',1/10/2020,12/31/2099,48.79,NY
'20954',1/29/2022,12/31/2099,35.12,NY
'20969',2/2/2022,12/31/2099,288.99,NY
'21026',1/1/2022,12/31/2099,79.12,NY
'21027',1/1/2022,12/31/2099,46.92,NY
'21031',5/14/2022,12/31/2099,35.89,NY
'21033',5/11/2022,12/31/2099,82.23,NY
'21049',5/21/2022,12/31/2099,18.89,NY
'21050',1/1/2022,12/31/2099,75.53,NY
'21051',5/14/2022,12/31/2099,35.51,NY
'21066',1/1/2022,12/31/2099,79.12,NY
'21076',5/21/2022,12/31/2099,18.89,NY
'21081',4/9/2022,12/31/2099,36.32,NY
'21106',2/5/2022,12/31/2099,17.69,NY
'21107',4/9/2022,12/31/2099,36.32,NY
'21108',3/5/2022,12/31/2099,17.69,NY
'21110',5/28/2022,12/31/2099,17.55,NY
'21110',7/31/2021,5/27/2022,17.45,NY
'21134',8/1/2020,12/31/2099,184.15,NY
'21161',7/24/2021,5/27/2022,19.35,NY
'21161',5/28/2022,12/31/2099,19.49,NY
'21162',5/28/2022,12/31/2099,19.49,NY
'21162',7/24/2021,5/27/2022,19.35,NY
'21266',11/13/2021,12/31/2099,26.15,NY
'21272',11/13/2021,12/31/2099,26.15,NY
'21289',4/9/2022,12/31/2099,28.5,NY
'21290',3/12/2022,12/31/2099,24.68,NY
'21296',4/9/2022,12/31/2099,34.65,NY
'21306',5/14/2022,12/31/2099,28.16,NY
'21308',5/14/2022,12/31/2099,28.16,NY
'21313',5/14/2022,12/31/2099,28.16,NY
'21323',5/14/2022,12/31/2099,28.16,NY
'21442',6/25/2020,12/31/2099,72.88,NY
'21523',1/15/2022,12/31/2099,31.8,NY
'21536',1/15/2022,12/31/2099,34.62,NY
'21546',1/15/2022,12/31/2099,31.8,NY
'21551',1/15/2022,12/31/2099,34.62,NY
'21565',1/15/2022,12/31/2099,34.62,NY
'21596',1/15/2022,12/31/2099,34.24,NY
'21607',5/14/2022,12/31/2099,31.96,NY
'21608',5/14/2022,12/31/2099,31.96,NY
'21619',5/1/2022,12/31/2099,37,NY
'21641',5/14/2022,12/31/2099,46.64,NY
'21643',5/14/2022,12/31/2099,46.64,NY
'21684',1/10/2020,12/31/2099,27.48,NY
'21686',2/19/2022,12/31/2099,35.1,NY
'21703',1/10/2020,12/31/2099,27.48,NY
'21709',1/10/2020,12/31/2099,27.48,NY
'40018',10/16/2021,12/31/2099,34.16,NY
'40042',1/10/2020,12/31/2099,442.45,NY
'40046',2/13/2020,12/31/2099,343.13,NY
'40047',1/10/2020,12/31/2099,75.16,NY
'40048',1/10/2020,12/31/2099,73.28,NY
'40054',7/2/2020,12/31/2099,94.07,NY
'40072',2/17/2021,12/31/2099,56.49,NY
'40080',3/19/2022,5/27/2022,19.57,NY
'40080',5/28/2022,12/31/2099,22.96,NY
'40082',3/19/2022,12/31/2099,19.34,NY
'40085',12/27/2021,12/31/2099,742.61,NY
'40086',4/30/2022,12/31/2099,117.16,NY
'40087',3/26/2022,12/31/2099,50.88,NY
'40088',1/1/2022,12/31/2099,47.73,NY
'40099',3/26/2022,12/31/2099,50.88,NY
'40101',3/26/2022,12/31/2099,50.88,NY
'40107',7/2/2020,12/31/2099,94.07,NY
'40145',2/17/2021,12/31/2099,37.7,NY
'40146',6/11/2022,12/31/2099,51.04,NY
'40146',2/17/2021,6/10/2022,50.65,NY
'40147',5/28/2022,12/31/2099,33.25,NY
'40147',1/15/2022,5/27/2022,31.78,NY
'40148',5/28/2022,12/31/2099,36.99,NY
'40148',1/15/2022,5/27/2022,35.56,NY
'40151',8/1/2020,12/31/2099,26.39,NY
'40154',5/28/2022,12/31/2099,33.25,NY
'40154',1/15/2022,5/27/2022,31.78,NY
'40157',4/30/2022,12/31/2099,35.99,NY
'40160',8/1/2020,12/31/2099,124.4,NY
'40169',8/1/2020,12/31/2099,26.53,NY
'70000',5/1/2022,6/3/2022,55.21,NY
'70000',6/4/2022,12/31/2099,58.94,NY
'70001',5/12/2022,12/31/2099,37.78,NY
'70002',12/6/2021,6/3/2022,42.18,NY
'70002',6/4/2022,12/31/2099,48.97,NY
'70003',6/4/2022,12/31/2099,37.78,NY
'70003',5/12/2022,6/3/2022,37.78,NY
'70004',5/21/2022,12/31/2099,47.2,NY
'70005',12/13/2021,12/31/2099,36.36,NY
'70012',5/17/2022,12/31/2099,38.68,NY
'70014',5/5/2022,12/31/2099,26.95,NY
'70015',6/4/2022,12/31/2099,26.4,NY
'70015',5/6/2022,6/3/2022,23.94,NY
'70016',5/17/2022,12/31/2099,26.38,NY
'70018',1/15/2022,6/3/2022,38.36,NY
'70018',6/4/2022,12/31/2099,40.85,NY
'70019',5/23/2022,12/31/2099,34.7,NY
'70020',5/5/2022,12/31/2099,29.78,NY
'70022',1/15/2022,12/31/2099,38.36,NY
'70023',1/15/2022,6/3/2022,38.36,NY
'70023',6/4/2022,12/31/2099,40.85,NY
'70024',1/15/2022,6/3/2022,37.86,NY
'70024',6/4/2022,12/31/2099,41.59,NY
'70025',5/23/2022,12/31/2099,34.7,NY
'70031',5/23/2022,12/31/2099,29.78,NY
'70032',12/7/2021,12/31/2099,611.76,NY
'70033',5/1/2022,12/31/2099,31.31,NY
'70034',1/15/2022,12/31/2099,31.12,NY
'70035',5/1/2022,12/31/2099,31.31,NY
'70036',12/29/2021,12/31/2099,23.2,NY
'70037',1/15/2022,6/3/2022,38.36,NY
'70037',6/4/2022,12/31/2099,40.85,NY
'70038',1/15/2022,12/31/2099,38.36,NY
'70039',1/15/2022,6/3/2022,38.36,NY
'70039',6/4/2022,12/31/2099,40.85,NY
'70040',5/17/2022,12/31/2099,38.89,NY
'70041',1/15/2022,6/3/2022,38.36,NY
'70041',6/4/2022,12/31/2099,40.85,NY
'70042',12/23/2021,6/3/2022,40.76,NY
'70042',6/4/2022,12/31/2099,43.77,NY
'70044',2/16/2022,6/3/2022,34.62,NY
'70044',6/4/2022,12/31/2099,37.65,NY
'70045',6/4/2022,12/31/2099,31.43,NY
'70045',1/15/2022,6/3/2022,27.06,NY
'70046',6/4/2022,12/31/2099,37.66,NY
'70046',5/6/2022,6/3/2022,34.66,NY
'70055',1/8/2022,12/31/2099,40.5,NY
'70058',3/26/2022,12/31/2099,28,NY
'70060',5/5/2022,12/31/2099,30.69,NY
'70061',5/5/2022,12/31/2099,30.69,NY
'70063',5/17/2022,12/31/2099,30.44,NY
'70064',1/15/2022,12/31/2099,40.92,NY
'70065',1/10/2020,12/31/2099,179.79,NY
'70066',5/17/2022,12/31/2099,26.38,NY
'70067',5/23/2022,12/31/2099,26.25,NY
'70068',5/23/2022,6/3/2022,28,NY
'70068',6/4/2022,12/31/2099,27.7,NY
'70069',5/1/2022,12/31/2099,31.31,NY
'70070',1/15/2022,12/31/2099,40.92,NY
'70071',5/5/2022,12/31/2099,34.91,NY
'70072',1/15/2022,12/31/2099,34.68,NY
'70073',5/5/2022,12/31/2099,26.24,NY
'70075',5/23/2022,12/31/2099,34.83,NY
'70076',5/5/2022,12/31/2099,29.09,NY
'70077',5/5/2022,12/31/2099,29.09,NY
'70078',6/18/2022,12/31/2099,39.46,NY
'70078',5/21/2022,6/17/2022,38.91,NY
'70079',5/23/2022,12/31/2099,46.09,NY
'70080',12/8/2021,12/31/2099,43.44,NY
'70083',1/15/2022,12/31/2099,40.56,NY
'70084',5/5/2022,12/31/2099,17.43,NY
'70085',5/23/2022,12/31/2099,46.09,NY
'70086',12/8/2021,6/3/2022,33.82,NY
'70086',6/4/2022,12/31/2099,36.67,NY
'70088',12/8/2021,6/3/2022,33.63,NY
'70088',6/4/2022,12/31/2099,37.15,NY
'70089',8/13/2022,12/31/2099,38.6,NY
'70089',12/10/2021,8/12/2022,40.2,NY
'70090',12/10/2021,8/12/2022,40.2,NY
'70090',8/13/2022,12/31/2099,38.6,NY
'70091',12/10/2021,12/31/2099,77.08,NY
'70092',5/14/2022,12/31/2099,55.15,NY
'70093',5/14/2022,12/31/2099,55.15,NY
'70094',5/14/2022,12/31/2099,40,NY
'70095',5/14/2022,12/31/2099,40,NY
'70096',8/13/2022,12/31/2099,46.8,NY
'70096',12/10/2021,8/12/2022,46.58,NY
'70097',12/10/2021,8/12/2022,46.58,NY
'70097',8/13/2022,12/31/2099,46.8,NY
'70098',2/19/2022,12/31/2099,45.94,NY
'70100',4/23/2022,12/31/2099,75.24,NY
'70101',4/23/2022,12/31/2099,75.24,NY
'70102',12/10/2021,12/31/2099,64.71,NY
'70103',5/14/2022,12/31/2099,50.78,NY
'70106',5/14/2022,12/31/2099,50.78,NY
'70107',1/10/2020,12/31/2099,96.59,NY
'70108',1/15/2022,12/31/2099,63.68,NY
'70109',1/10/2020,12/31/2099,106.79,NY
'70110',4/23/2022,12/31/2099,53.94,NY
'70113',1/8/2022,12/31/2099,186.52,NY
'70115',3/26/2022,12/31/2099,46.7,NY
'70116',12/9/2021,12/31/2099,55.33,NY
'70119',3/26/2022,12/31/2099,37.65,NY
'70121',12/29/2021,12/31/2099,20.76,NY
'70122',3/19/2022,12/31/2099,35.87,NY
'70123',4/23/2022,12/31/2099,75.24,NY
'70124',4/23/2022,12/31/2099,75.24,NY
'70126',4/23/2022,12/31/2099,75.24,NY
'70127',6/4/2022,12/31/2099,58.1,NY
'70127',5/19/2022,6/3/2022,54.23,NY
'70128',1/12/2022,12/31/2099,84.97,NY
'70131',1/12/2022,6/3/2022,84.97,NY
'70131',6/4/2022,12/31/2099,97.08,NY
'70132',6/4/2022,12/31/2099,58.1,NY
'70132',5/19/2022,6/3/2022,54.23,NY
'70133',5/9/2022,6/3/2022,37.45,NY
'70133',6/4/2022,12/31/2099,40.98,NY
'70134',5/19/2022,12/31/2099,54.23,NY
'70135',1/12/2022,6/3/2022,84.97,NY
'70135',6/4/2022,12/31/2099,97.08,NY
'70141',12/9/2021,6/3/2022,64.61,NY
'70141',6/4/2022,12/31/2099,72.5,NY
'70142',1/12/2022,6/3/2022,84.97,NY
'70142',6/4/2022,12/31/2099,97.08,NY
'70144',5/19/2022,6/3/2022,54.23,NY
'70144',6/4/2022,12/31/2099,58.1,NY
'70152',5/7/2022,12/31/2099,39.5,NY
'70153',5/7/2022,12/31/2099,39.5,NY
'70154',5/7/2022,12/31/2099,39.5,NY
'70157',5/7/2022,12/31/2099,39.5,NY
'70158',5/7/2022,12/31/2099,39.5,NY
'70184',5/7/2022,12/31/2099,63.34,NY
'70185',5/7/2022,12/31/2099,63.34,NY
'70187',5/7/2022,12/31/2099,63.34,NY
'70189',5/7/2022,12/31/2099,63.34,NY
'70191',2/12/2022,12/31/2099,43.08,NY
'70202',3/19/2022,5/27/2022,41.27,NY
'70202',5/28/2022,12/31/2099,41.51,NY
'70206',5/1/2022,12/31/2099,57.05,NY
'70217',6/4/2022,12/31/2099,99.26,NY
'70217',1/13/2022,6/3/2022,89.4,NY
'70218',1/11/2022,12/31/2099,21.35,NY
'70219',4/2/2022,12/31/2099,44.26,NY
'70220',1/11/2022,12/31/2099,25.5,NY
'70224',10/2/2021,12/31/2099,38.92,NY
'70225',1/11/2022,12/31/2099,38.87,NY
'70227',3/26/2022,12/31/2099,25.04,NY
'70228',6/4/2022,12/31/2099,88.36,NY
'70228',1/13/2022,6/3/2022,75.63,NY
'70229',5/5/2022,12/31/2099,26.95,NY
'70230',1/11/2022,6/3/2022,37.86,NY
'70230',6/4/2022,12/31/2099,41.57,NY
'70233',6/4/2022,12/31/2099,40.66,NY
'70233',1/13/2022,6/3/2022,38.5,NY
'70234',1/12/2022,12/31/2099,36.32,NY
'70237',9/25/2021,12/31/2099,51.6,NY
'70240',5/1/2022,12/31/2099,31.31,NY
'70241',6/4/2022,12/31/2099,92.7,NY
'70241',1/13/2022,6/3/2022,82.84,NY
'70242',6/4/2022,12/31/2099,40.66,NY
'70242',1/13/2022,6/3/2022,37.65,NY
'70243',5/1/2022,12/31/2099,31.31,NY
'70244',6/4/2022,12/31/2099,42.22,NY
'70244',1/13/2022,6/3/2022,37.74,NY
'70247',5/1/2022,12/31/2099,31.31,NY
'70248',6/4/2022,12/31/2099,42.22,NY
'70248',1/13/2022,6/3/2022,37.74,NY
'70249',1/11/2022,6/3/2022,42.48,NY
'70249',6/4/2022,12/31/2099,45.85,NY
'70250',5/21/2022,12/31/2099,264.18,NY
'70251',1/11/2022,12/31/2099,21.35,NY
'70252',5/5/2022,12/31/2099,26.95,NY
'70253',1/12/2022,12/31/2099,27,NY
'70254',5/5/2022,12/31/2099,26.95,NY
'70255',1/11/2022,6/3/2022,25.07,NY
'70255',6/4/2022,12/31/2099,27.7,NY
'70256',1/11/2022,6/3/2022,37.86,NY
'70256',6/4/2022,12/31/2099,41.59,NY
'70257',6/4/2022,12/31/2099,69.59,NY
'70257',2/19/2022,6/3/2022,88.68,NY
'70258',5/9/2022,6/3/2022,42.3,NY
'70258',6/4/2022,12/31/2099,58.1,NY
'70259',5/9/2022,6/3/2022,42.3,NY
'70259',6/4/2022,12/31/2099,58.1,NY
'70261',5/1/2022,12/31/2099,29.88,NY
'70262',6/4/2022,12/31/2099,41.59,NY
'70262',1/11/2022,6/3/2022,37.86,NY
'70264',1/10/2020,12/31/2099,32.45,NY
'70265',4/29/2022,12/31/2099,39.04,NY
'70267',1/12/2022,12/31/2099,36.32,NY
'70268',1/8/2022,12/31/2099,51.79,NY
'70269',6/4/2022,12/31/2099,92.7,NY
'70269',1/13/2022,6/3/2022,82.84,NY
'70270',1/8/2022,12/31/2099,51.79,NY
'70271',5/5/2022,12/31/2099,25.49,NY
'70272',1/11/2022,6/3/2022,37.86,NY
'70272',6/4/2022,12/31/2099,41.59,NY
'70273',6/4/2022,12/31/2099,47,NY
'70273',1/13/2022,6/3/2022,41.4,NY
'70274',1/10/2020,12/31/2099,24.99,NY
'70277',6/4/2022,12/31/2099,92.7,NY
'70277',1/13/2022,6/3/2022,82.84,NY
'70278',6/4/2022,12/31/2099,92.7,NY
'70278',1/13/2022,6/3/2022,82.84,NY
'70279',1/12/2022,6/3/2022,35.44,NY
'70279',6/4/2022,12/31/2099,37.78,NY
'70280',1/12/2022,6/3/2022,35.44,NY
'70280',6/4/2022,12/31/2099,37.78,NY
'70281',5/9/2022,12/31/2099,43.8,NY
'70285',6/4/2022,12/31/2099,47,NY
'70285',1/13/2022,6/3/2022,41.4,NY
'70286',6/4/2022,12/31/2099,101.09,NY
'70286',1/13/2022,6/3/2022,86.24,NY
'70287',1/12/2022,12/31/2099,31.31,NY
'70288',5/5/2022,12/31/2099,26.95,NY
'70289',1/11/2022,7/1/2022,25.07,NY
'70289',7/2/2022,12/31/2099,27.7,NY
'70290',6/4/2022,12/31/2099,41.94,NY
'70290',1/13/2022,6/3/2022,37.74,NY
'70292',6/4/2022,12/31/2099,41.59,NY
'70292',1/11/2022,6/3/2022,37.86,NY
'70293',1/1/2022,12/31/2099,52.8,NY
'70294',6/4/2022,12/31/2099,40.66,NY
'70294',1/13/2022,6/3/2022,37.65,NY
'70296',5/1/2022,12/31/2099,61.49,NY
'70299',7/9/2022,12/31/2099,53.48,NY
'70299',4/23/2022,7/8/2022,53.2,NY
'70309',3/12/2022,12/31/2099,70.02,NY
'70310',4/28/2022,12/31/2099,42.76,NY
'70311',2/26/2022,12/31/2099,45.94,NY
'70313',12/14/2021,12/31/2099,29.75,NY
'70315',12/14/2021,12/31/2099,29.75,NY
'70316',12/14/2021,12/31/2099,29.75,NY
'70317',12/14/2021,12/31/2099,29.75,NY
'70320',12/14/2021,12/31/2099,41.99,NY
'70321',12/14/2021,12/31/2099,35.19,NY
'70324',6/4/2022,12/31/2099,81.08,NY
'70324',1/15/2022,6/3/2022,76.32,NY
'70329',12/14/2021,12/31/2099,17,NY
'70332',12/14/2021,12/31/2099,494.58,NY
'70342',1/8/2022,12/31/2099,39.61,NY
'70343',1/8/2022,12/31/2099,39.61,NY
'70347',5/28/2022,12/31/2099,52.99,NY
'70347',1/8/2022,5/27/2022,48.66,NY
'70349',5/28/2022,12/31/2099,52.99,NY
'70349',1/8/2022,5/27/2022,48.66,NY
'70350',1/10/2020,12/31/2099,34.39,NY
'70351',5/28/2022,12/31/2099,52.99,NY
'70351',1/8/2022,5/27/2022,48.66,NY
'70352',12/14/2021,12/31/2099,643.65,NY
'70356',2/3/2022,12/31/2099,39.83,NY
'70364',5/1/2022,12/31/2099,39.01,NY
'70369',5/1/2022,12/31/2099,39.01,NY
'70371',4/30/2022,12/31/2099,147.18,NY
'70373',5/1/2022,12/31/2099,45.26,NY
'70376',5/1/2022,12/31/2099,39.01,NY
'70394',6/11/2022,12/31/2099,129,NY
'70394',12/16/2021,6/10/2022,124.58,NY
'70395',12/17/2021,12/31/2099,34.53,NY
'70397',7/30/2022,12/31/2099,47.24,NY
'70397',1/10/2020,7/29/2022,45.54,NY
'70398',1/27/2022,12/31/2099,23.75,NY
'70399',1/27/2022,12/31/2099,23.75,NY
'70400',1/27/2022,12/31/2099,23.75,NY
'70403',1/29/2022,7/29/2022,116,NY
'70403',7/30/2022,12/31/2099,128.38,NY
'70406',1/27/2022,12/31/2099,23.75,NY
'70407',4/16/2022,12/31/2099,42.13,NY
'70409',5/14/2022,12/31/2099,28.36,NY
'70410',4/16/2022,12/31/2099,42.13,NY
'70411',6/4/2022,12/31/2099,51.95,NY
'70411',3/5/2022,6/3/2022,48.38,NY
'70413',12/20/2021,12/31/2099,148.11,NY
'70414',6/25/2022,12/31/2099,22.67,NY
'70414',12/20/2021,6/24/2022,53.13,NY
'70416',12/20/2021,12/31/2099,52.35,NY
'70418',12/20/2021,12/31/2099,204.35,NY
'70419',5/14/2022,12/31/2099,222.11,NY
'70420',2/26/2022,12/31/2099,546.98,NY
'70421',5/14/2022,12/31/2099,262.86,NY
'70422',2/26/2022,12/31/2099,257.94,NY
'70423',5/21/2022,12/31/2099,49.85,NY
'70424',5/21/2022,12/31/2099,49.85,NY
'70427',12/22/2021,12/31/2099,34,NY
'70428',12/22/2021,12/31/2099,34.7,NY
'70436',5/7/2022,12/31/2099,35.3,NY
'70437',4/16/2022,12/31/2099,81.65,NY
'70438',12/27/2021,12/31/2099,148.2,NY
'70439',12/27/2021,12/31/2099,93.1,NY
'70441',12/27/2021,12/31/2099,482.69,NY
'70446',5/21/2022,12/31/2099,29.78,NY
'70447',5/7/2022,12/31/2099,55.29,NY
'70448',5/7/2022,12/31/2099,45.93,NY
'70449',5/7/2022,12/31/2099,84.54,NY
'70451',12/27/2021,12/31/2099,21.85,NY
'70452',4/9/2022,12/31/2099,71.73,NY
'70453',12/27/2021,12/31/2099,21.85,NY
'70454',12/27/2021,12/31/2099,21.85,NY
'70455',2/3/2022,12/31/2099,41.05,NY
'70457',1/6/2022,12/31/2099,48.95,NY
'70458',1/6/2022,12/31/2099,55.66,NY
'70461',1/6/2022,12/31/2099,30.13,NY
'70463',5/7/2022,12/31/2099,43.2,NY
'70466',1/6/2022,12/31/2099,30.13,NY
'70469',5/7/2022,12/31/2099,46.68,NY
'70471',1/6/2022,12/31/2099,30.13,NY
'70476',5/7/2022,12/31/2099,51.22,NY
'70477',1/6/2022,12/31/2099,44.92,NY
'70479',5/21/2022,12/31/2099,31.87,NY
'70483',1/10/2022,12/31/2099,31.87,NY
'70488',1/6/2022,12/31/2099,30.13,NY
'70489',1/7/2022,12/31/2099,58.01,NY
'70500',1/7/2022,6/17/2022,25.89,NY
'70500',6/18/2022,12/31/2099,28.26,NY
'70502',1/6/2022,12/31/2099,40.12,NY
'70505',1/10/2022,12/31/2099,27.65,NY
'70506',1/7/2022,6/17/2022,47.89,NY
'70506',6/18/2022,12/31/2099,58.03,NY
'70507',1/10/2022,12/31/2099,164.43,NY
'70508',1/7/2022,12/31/2099,28.71,NY
'70509',1/10/2022,12/31/2099,27.65,NY
'70516',1/10/2022,12/31/2099,113.91,NY
'70517',1/6/2022,12/31/2099,30.13,NY
'70518',1/6/2022,12/31/2099,30.13,NY
'70519',1/6/2022,12/31/2099,30.13,NY
'70521',1/10/2022,12/31/2099,31.87,NY
'70522',1/10/2022,12/31/2099,27.65,NY
'70523',1/10/2022,12/31/2099,172.72,NY
'70525',1/7/2022,12/31/2099,95.35,NY
'70526',5/6/2022,12/31/2099,164.88,NY
'70527',1/7/2022,12/31/2099,36.55,NY
'70531',5/6/2022,12/31/2099,164.88,NY
'70532',1/10/2022,12/31/2099,28.82,NY
'70533',2/24/2022,12/31/2099,24,NY
'70534',1/6/2022,12/31/2099,30.13,NY
'70536',2/21/2022,12/31/2099,32.99,NY
'70539',1/10/2022,12/31/2099,24.99,NY
'70541',5/7/2022,12/31/2099,47.63,NY
'70542',1/6/2022,12/31/2099,34.32,NY
'70544',5/7/2022,12/31/2099,32.94,NY
'70545',5/7/2022,12/31/2099,42.11,NY
'70546',4/16/2022,12/31/2099,134.1,NY
'70547',1/6/2022,12/31/2099,30.69,NY
'70549',1/6/2022,12/31/2099,30.13,NY
'70550',1/7/2022,12/31/2099,38.34,NY
'70551',1/7/2022,12/31/2099,58.01,NY
'70553',5/7/2022,12/31/2099,50.24,NY
'70555',1/10/2022,12/31/2099,27.45,NY
'70558',1/10/2022,12/31/2099,26.32,NY
'70561',1/6/2022,12/31/2099,30.13,NY
'70563',1/18/2022,12/31/2099,39.99,NY
'70564',4/9/2022,12/31/2099,196,NY
'70567',1/10/2022,12/31/2099,31.87,NY
'70568',5/7/2022,12/31/2099,32.07,NY
'70576',1/7/2022,12/31/2099,36.55,NY
'70577',1/7/2022,12/31/2099,28.71,NY
'70579',1/10/2022,12/31/2099,27.49,NY
'70582',5/7/2022,12/31/2099,27.86,NY
'70583',1/10/2022,12/31/2099,24.99,NY
'70584',1/6/2022,12/31/2099,30.13,NY
'70585',1/6/2022,12/31/2099,30.13,NY
'70586',1/10/2022,12/31/2099,25.29,NY
'70588',1/6/2022,12/31/2099,30.13,NY
'70590',1/6/2022,12/31/2099,40.12,NY
'70591',1/6/2022,12/31/2099,44.22,NY
'70592',5/14/2022,12/31/2099,27.26,NY
'70593',5/14/2022,12/31/2099,27.26,NY
'70594',5/14/2022,12/31/2099,27.26,NY
'70595',5/14/2022,12/31/2099,27.26,NY
'70596',1/6/2022,12/31/2099,30.13,NY
'70597',1/10/2022,12/31/2099,31.87,NY
'70598',1/10/2022,12/31/2099,27.65,NY
'70599',1/7/2022,12/31/2099,36.55,NY
'70600',1/10/2022,12/31/2099,26.9,NY
'70601',1/10/2022,12/31/2099,27.73,NY
'70602',1/10/2022,12/31/2099,27.73,NY
'70604',5/7/2022,12/31/2099,54.02,NY
'70605',1/7/2022,12/31/2099,43.59,NY
'70606',3/12/2022,6/17/2022,171.2,NY
'70606',6/18/2022,12/31/2099,182.45,NY
'70607',1/6/2022,12/31/2099,42.69,NY
'70608',1/6/2022,12/31/2099,30.13,NY
'70609',1/6/2022,12/31/2099,30.13,NY
'70611',1/6/2022,12/31/2099,40.12,NY
'70612',1/6/2022,12/31/2099,30.64,NY
'70613',5/7/2022,12/31/2099,28.57,NY
'70614',6/18/2022,12/31/2099,28.26,NY
'70614',4/4/2022,6/17/2022,26.13,NY
'70615',4/16/2022,12/31/2099,134.1,NY
'70616',1/21/2022,12/31/2099,28.95,NY
'70617',1/10/2022,12/31/2099,70.72,NY
'70618',1/10/2022,12/31/2099,69.26,NY
'70619',1/10/2022,12/31/2099,152.47,NY
'70621',2/10/2022,12/31/2099,70.72,NY
'70622',1/10/2022,12/31/2099,212.45,NY
'70623',1/10/2022,12/31/2099,152.47,NY
'70626',4/2/2022,12/31/2099,52.39,NY
'70636',1/10/2022,12/31/2099,67.28,NY
'70637',1/10/2022,12/31/2099,195.83,NY
'70640',1/10/2022,12/31/2099,204,NY
'70646',1/10/2022,12/31/2099,152.47,NY
'20013',4/10/2022,12/31/2099,59.88,NY
'20023',4/10/2022,12/31/2099,59.88,NY
'20225',7/28/2021,12/31/2099,26.96,NY
'20324',3/7/2022,12/31/2099,14.28,NY
'20331',1/10/2020,12/31/2099,36.88,NY
'20332',1/10/2020,12/31/2099,36.88,NY
'20344',9/26/2021,12/31/2099,29.88,NY
'20349',7/28/2021,12/31/2099,26.96,NY
'20371',4/10/2022,12/31/2099,47.68,NY
'20372',4/10/2022,12/31/2099,47.68,NY
'20380',4/10/2022,12/31/2099,39.6,NY
'20381',4/10/2022,12/31/2099,39.6,NY
'20382',4/10/2022,12/31/2099,39.6,NY
'20383',4/10/2022,12/31/2099,39.6,NY
'20385',4/10/2022,12/31/2099,39.6,NY
'20389',1/10/2020,12/31/2099,13.73,NY
'20401',1/10/2020,12/31/2099,14.19,NY
'20407',3/29/2022,12/31/2099,105.5,NY
'20414',1/10/2020,12/31/2099,36.73,NY
'20417',1/10/2020,12/31/2099,36.73,NY
'20418',1/10/2020,12/31/2099,36.73,NY
'20433',10/11/2021,12/31/2099,29.72,NY
'20450',4/18/2022,12/31/2099,51,NY
'20451',1/10/2020,12/31/2099,41.88,NY
'20453',1/10/2020,12/31/2099,43.8,NY
'20454',1/10/2020,12/31/2099,13.05,NY
'20461',4/12/2022,12/31/2099,69.44,NY
'20465',12/19/2021,12/31/2099,42.87,NY
'20483',8/23/2021,12/31/2099,16.28,NY
'20489',1/2/2022,12/31/2099,48.24,NY
'20490',1/2/2022,12/31/2099,48.24,NY
'20493',1/31/2022,12/31/2099,59.6,NY
'20494',1/31/2022,12/31/2099,59.6,NY
'20500',1/31/2022,12/31/2099,55.1,NY
'20517',1/10/2020,12/31/2099,26.88,NY
'20519',1/10/2020,12/31/2099,34.41,NY
'20521',6/21/2021,12/31/2099,13.21,NY
'20549',9/20/2021,12/31/2099,25.56,NY
'20554',3/14/2022,12/31/2099,42.05,NY
'20558',3/14/2022,12/31/2099,42.91,NY
'20566',3/14/2022,12/31/2099,38.84,NY
'20590',4/12/2022,12/31/2099,60.31,NY
'20593',4/12/2022,12/31/2099,62.69,NY
'20596',4/12/2022,12/31/2099,143.85,NY
'20610',1/10/2020,12/31/2099,47.88,NY
'20670',1/2/2022,12/31/2099,30.18,NY
'20671',2/27/2022,12/31/2099,37.12,NY
'20688',1/10/2020,12/31/2099,18.49,NY
'20690',1/10/2020,12/31/2099,18.49,NY
'20692',1/10/2020,12/31/2099,43.4,NY
'20739',1/10/2020,12/31/2099,17.99,NY
'20751',9/20/2021,12/31/2099,62.4,NY
'20753',9/20/2021,12/31/2099,62.4,NY
'20757',9/20/2021,12/31/2099,62.4,NY
'20758',9/20/2021,12/31/2099,62.4,NY
'20761',4/17/2022,12/31/2099,42.08,NY
'20764',4/17/2022,12/31/2099,42.08,NY
'20803',1/10/2020,12/31/2099,32.4,NY
'21016',1/10/2020,12/31/2099,14.54,NY
'21067',1/10/2020,12/31/2099,13.63,NY
'21205',3/8/2021,12/31/2099,13.86,NY
'21295',1/10/2020,12/31/2099,15.58,NY
'21298',1/10/2020,12/31/2099,13.99,NY
'21299',3/27/2022,12/31/2099,14.45,NY
'21302',10/21/2021,12/31/2099,15.75,NY
'21304',1/10/2020,12/31/2099,18.99,NY
'21312',1/10/2020,12/31/2099,30.15,NY
'21321',1/10/2020,12/31/2099,22.5,NY
'21330',4/4/2022,12/31/2099,43.92,NY
'21331',4/4/2022,12/31/2099,43.92,NY
'21335',4/4/2022,12/31/2099,43.92,NY
'21450',1/10/2020,12/31/2099,87.9,NY
'21451',2/28/2022,12/31/2099,13.27,NY
'21490',1/10/2020,12/31/2099,41.15,NY
'21492',1/10/2020,12/31/2099,41.15,NY
'21493',1/10/2020,12/31/2099,70.1,NY
'21494',1/10/2020,12/31/2099,41.15,NY
'21505',1/10/2020,12/31/2099,66.7,NY
'21506',9/10/2021,12/31/2099,75.5,NY
'21509',9/10/2021,12/31/2099,77.7,NY
'21511',9/10/2021,12/31/2099,74.5,NY
'21512',9/10/2021,12/31/2099,69.6,NY
'21583',1/10/2020,12/31/2099,44.3,NY
'21599',3/20/2022,12/31/2099,45.58,NY
'21601',10/7/2021,12/31/2099,543,NY
'21640',1/10/2020,12/31/2099,78,NY
'21642',1/10/2020,12/31/2099,85.5,NY
'21693',1/3/2022,12/31/2099,294.5,NY
'21698',1/3/2022,12/31/2099,282,NY
'21705',1/10/2020,12/31/2099,15.09,NY
'21708',7/9/2021,12/31/2099,43.24,NY
'21724',1/10/2020,12/31/2099,78,NY
'40006',1/10/2020,12/31/2099,36.75,NY
'40016',3/14/2022,12/31/2099,36.06,NY
'40066',1/10/2020,12/31/2099,34.84,NY
'40096',3/14/2022,12/31/2099,37.99,NY
'70148',8/23/2021,12/31/2099,18.06,NY
'70151',4/29/2022,12/31/2099,16.42,NY
'70344',4/1/2022,12/31/2099,89.4,NY
'70365',4/22/2022,12/31/2099,13.48,NY
'70366',4/22/2022,12/31/2099,13.49,NY
'70430',12/22/2021,12/31/2099,35.27,NY
'70431',12/22/2021,12/31/2099,35.27,NY
'70432',12/22/2021,12/31/2099,48.24,NY
'70433',12/22/2021,12/31/2099,47.01,NY
'70434',3/24/2022,12/31/2099,74,NY
'20025',12/3/2021,12/31/2099,174.96,NY
'20079',1/10/2020,12/31/2099,63.52,NY
'20151',1/10/2020,12/31/2099,122.52,NY
'20174',1/10/2020,12/31/2099,62.8,NY
'20176',1/10/2020,12/31/2099,45,NY
'20276',1/10/2020,12/31/2099,60.5,NY
'20285',1/10/2020,12/31/2099,125.04,NY
'20330',1/10/2020,12/31/2099,138,NY
'20369',3/29/2021,12/31/2099,160.8,NY
'20386',1/10/2020,12/31/2099,48,NY
'20425',10/22/2020,12/31/2099,75.8,NY
'20427',6/14/2021,12/31/2099,30.95,NY
'20441',6/14/2021,12/31/2099,30.95,NY
'20650',10/26/2020,12/31/2099,28.95,NY
'20818',6/14/2021,12/31/2099,30.95,NY
'20896',1/10/2020,12/31/2099,56,NY
'20934',1/10/2020,12/31/2099,23.99,NY
'20939',1/10/2020,12/31/2099,27,NY
'20947',3/4/2021,12/31/2099,23.28,NY
'20949',1/10/2020,12/31/2099,78.95,NY
'21136',10/22/2020,12/31/2099,154.08,NY
'21137',3/4/2021,12/31/2099,23.28,NY
'21143',3/4/2021,12/31/2099,23.28,NY
'21314',1/10/2020,12/31/2099,23.55,NY
'21315',3/27/2022,12/31/2099,29.19,NY
'21473',10/29/2020,12/31/2099,47,NY
'21646',3/4/2021,12/31/2099,23.28,NY
'21688',3/6/2022,12/31/2099,30.5,NY
'40131',6/15/2020,12/31/2099,71.85,NY
'40133',1/10/2020,12/31/2099,56.1,NY
'40134',1/10/2020,12/31/2099,67.8,NY
'40142',6/15/2020,12/31/2099,91.5,NY
'40149',6/15/2020,12/31/2099,97.8,NY
'40162',1/10/2020,12/31/2099,55.74,NY
'70459',1/10/2020,12/31/2099,114.5,NY
'70462',1/10/2020,12/31/2099,109.2,NY
'70464',3/2/2020,12/31/2099,25.5,NY
'70465',4/10/2020,12/31/2099,50.75,NY
'70468',11/1/2021,12/31/2099,26.45,NY
'70484',1/10/2020,12/31/2099,37.83,NY
'70485',1/2/2022,12/31/2099,53.5,NY
'70487',1/2/2022,12/31/2099,37,NY
'70566',1/10/2020,12/31/2099,45.8,NY
'70570',9/6/2020,12/31/2099,55.41,NY
'70571',9/6/2020,12/31/2099,51.48,NY
'70572',10/8/2020,12/31/2099,51.48,NY
'70574',9/6/2020,12/31/2099,61.41,NY
'70580',5/1/2022,12/31/2099,26.95,NY
'70627',9/28/2021,12/31/2099,45.45,NY
'70628',9/28/2021,12/31/2099,45.45,NY
'70630',9/29/2021,12/31/2099,37.85,NY
'70631',9/6/2020,12/31/2099,35.8,NY
'70632',9/28/2021,12/31/2099,37.45,NY
'70633',9/28/2021,12/31/2099,62,NY
'70634',9/28/2021,12/31/2099,64.45,NY
'70635',9/6/2020,12/31/2099,61.27,NY
'70639',5/17/2022,12/31/2099,31.95,NY
'70647',11/8/2021,12/31/2099,68.15,NY
'70648',3/16/2020,12/31/2099,58.5,NY